<?xml version="1.0" encoding="utf-8"?>
<skin>
	<information>
		<name>Letter</name>
		<version>1.1</version>
		<description>
			<![CDATA[ 최소한의 디자인, 깔끔한 스킨을 원하는 블로거를 위해 만들었습니다. 깔끔한 편지지 위에 여러분의 이야기를 들려주세요. ]]>
		</description>
		<license>
			<![CDATA[ MIT License ]]>
		</license>
	</information>
	<author>
		<name>Tistory</name>
		<homepage>http://www.tistory.com</homepage>
		<email>tistoryblog@daum.net</email>
	</author>
	<default>
		<recentEntries>4</recentEntries>
		<recentComments>5</recentComments>
		<recentTrackbacks>5</recentTrackbacks>
		<itemsOnGuestbook>5</itemsOnGuestbook>
		<tagsInCloud>20</tagsInCloud>
		<sortInCloud>3</sortInCloud>
		<expandComment>1</expandComment>
		<lengthOfRecentNotice>40</lengthOfRecentNotice>
		<lengthOfRecentEntry>30</lengthOfRecentEntry>
		<lengthOfRecentComment>40</lengthOfRecentComment>
		<lengthOfRecentTrackback>40</lengthOfRecentTrackback>
		<lengthOfLink>40</lengthOfLink>
		<commentMessage>
			<none>0</none>
			<single>1</single>
		</commentMessage>
		<trackbackMessage>
			<none>0</none>
			<single>1</single>
		</trackbackMessage>
		<contentWidth>725</contentWidth>
		<toolbar>white</toolbar>
	</default>
	<cover>
		<item>
			<name>X</name>
			<label><![CDATA[ 메인 리스트 ]]></label>
			<description><![CDATA[ 블로그 형태로 출력합니다. 내용을 출력합니다. ]]></description>
		</item>
	</cover>
	<variables>
		<variable>
			<name>footerCopyright</name>
			<label>하단 카피라이트</label>
			<description></description>
			<type>STRING</type>
			<option></option>
			<default>Designed by 신과장.</default>
		</variable>
	</variables>
</skin>
