<?xml version="1.0" encoding="utf-8"?>
<skin>
	<information>
		<name>극한의 미니멀리즘</name>
		<version>1.1</version>
		<description>
			<![CDATA[ 필요한 기능만 담았습니다. ]]>
		</description>
		<license>
			<![CDATA[ MIT License ]]>
		</license>
	</information>
	<author>
		<name>신과장</name>
		<homepage>https://shinsplan.tistory.com</homepage>
		<email>shinyj1991@gmail.com</email>
	</author>
	<default>
		<recentEntries>4</recentEntries>
		<recentComments>5</recentComments>
		<recentTrackbacks>5</recentTrackbacks>
		<itemsOnGuestbook>5</itemsOnGuestbook>
		<tagsInCloud>20</tagsInCloud>
		<sortInCloud>3</sortInCloud>
		<expandComment>1</expandComment>
		<lengthOfRecentNotice>40</lengthOfRecentNotice>
		<lengthOfRecentEntry>30</lengthOfRecentEntry>
		<lengthOfRecentComment>40</lengthOfRecentComment>
		<lengthOfRecentTrackback>40</lengthOfRecentTrackback>
		<lengthOfLink>40</lengthOfLink>
		<commentMessage>
			<none>0</none>
			<single>1</single>
		</commentMessage>
		<trackbackMessage>
			<none>0</none>
			<single>1</single>
		</trackbackMessage>
		<contentWidth>725</contentWidth>
		<toolbar>white</toolbar>
	</default>
	<cover>
		<item>
			<name>X</name>
			<label><![CDATA[ 메인 리스트 ]]></label>
			<description><![CDATA[ 블로그 형태로 출력합니다. 내용을 출력합니다. ]]></description>
		</item>
	</cover>
</skin>
